{
  "pack": "small_default",
  "platform": "macOS_cpu",
  "sample_count": 31,
  "latency_mean_ms": 4475.43611962183,
  "latency_std_ms": 364.0368317574131,
  "latency_p50_ms": 4385.935084079392,
  "latency_p95_ms": 4691.626750049181,
  "latency_p99_ms": 5062.125500058755,
  "decode_tps_mean": 28.746094870675282,
  "decode_tps_min": 20.40872090951948,
  "rss_peak_mean_mb": 2155.0050403225805,
  "rss_peak_max_mb": 2305.546875,
  "energy_proxy_mean": 4.47543611962183,
  "thermal_degradation_pct": 0.0,
  "slo_tps_ok": true,
  "slo_rss_ok": true,
  "latency_p95_note": "128토큰 기준. Windows/DirectML 환경 재판정 필요"
}