{
  "sample_count": 31,
  "latency_mean_ms": 2573.9005645098646,
  "latency_std_ms": 270.38584260503694,
  "latency_p50_ms": 2436.1544579733163,
  "latency_p95_ms": 3071.6644170461223,
  "latency_p99_ms": 3142.428833991289,
  "ttft_mean_ms": 0.08675406101129708,
  "ttft_std_ms": 0.02590035793119494,
  "decode_tps_mean": 50.2406664528036,
  "decode_tps_min": 40.294882990769395,
  "rss_peak_mean_mb": 1419.9410282258063,
  "rss_peak_max_mb": 1504.171875,
  "energy_proxy_mean": 2.5739005645098647,
  "thermal_degradation_pct": 0.0,
  "platform": "macOS_cpu",
  "latency_p95_note": "128토큰 기준 3,072ms. SLO 1,200ms는 Windows/DirectML 환경에서 재판정 필요",
  "generation_budget_tested": {
    "32_tokens_ms": 482,
    "64_tokens_ms": 972,
    "128_tokens_ms": 2026
  },
  "slo_safe_budget_macos_cpu": 64
}